Employee #,Last Name,Password
10001,Crisostomo,Test1
10002,Mata,Test2
10003,San Jose,Test3
10004,Salcedo,Test4
10005,Romualdez,Test5
10006,Atienza,Test6
10007,Farala,Test7
10008,Martinez,Test8
10009,San Jose,Test9
10010,Rosario,Test10
10011,Lopez,Test11
10012,De Leon,Test12
10013,Romualdez,Test13
10014,Bautista,Test14
10015,Lazaro,Test15
10016,Delos Santos,Test16
10017,Santos,Test17
10018,Del Rosario,Test18
10019,Tolentino,Test19
10020,Gutierrez,Test20
10021,Manalaysay,Test21
10022,Villegas,Test22
10023,Ramos,Test23
10024,Maceda,Test24
10025,Aguilar,Test25
admin,Me,admin
